train_loss_step,epoch,step,lr-Adam
,,0,0.001
0.04434927925467491,0,49,
0.048599641770124435,0,99,
