step,lr-Adam,train_loss_step,epoch
0,0.1,,
49,,0.06106262281537056,0
99,,0.04970434308052063,0
149,,0.06034227833151817,0
199,,0.06081641837954521,0
249,,0.05915869399905205,0
