lr-Adam,epoch,step,train_loss_step
0.001,,0,
,0,49,0.04434928297996521
,0,99,0.048599641770124435
